Conto : G2145 DE MARZO GIUSEPPE;;;;;;;;;;;
Data estrazione : 4-8-2026 12:23:2;;;;;;;;;;;
;;;;;;;;;;;
Tutti i movimenti ordinati per Data Operazione;;;;;;;;;;;
Dal : 01-08-2022;;;;;;;;;;;
al : 04-08-2026;;;;;;;;;;;
;;;;;;;;;;;
Il file include i primi 3000 movimenti;;;;;;;;;;;
;;;;;;;;;;;
Data operazione;Data valuta;Tipo operazione;Ticker;Isin;Protocollo;Descrizione;Quantità;Importo euro;Importo Divisa;Divisa;Riferimento ordine
03-08-2026;05-08-2026;Acquisto;IWQU;IE00BP3QZ601;;ISHARES EDG MSCI WL QU FAC UCI;2;-154,56;0;EUR;21517295764937
03-08-2026;05-08-2026;Acquisto;XDW0;IE00BM67HM91;;XTRACKERS MSCI WORLD ENERGY UC;2;-126,2;0;EUR;21517295764932
03-08-2026;05-08-2026;Acquisto;SUAS;IE00BYVJRR92;;ISHARES MSCI USA SRI UCITS ETF;35;-617,96;0;EUR;21517295764912
03-08-2026;05-08-2026;Acquisto;SMEA;IE00B4K48X80;;ISHARESCOREMSCIEUROPE (ACC) UC;7;-740,18;0;EUR;21517295764925
03-08-2026;05-08-2026;Acquisto;EIMI;IE00BKM4GZ66;;ISHARES CORE MSCI EM IMI UCITS;14;-636,37;0;EUR;21517295764916
03-08-2026;05-08-2026;Acquisto;SJPA;IE00B4L5YX21;;ISHARES CORE MSCI JAP IMI UCIT;6;-417,66;0;EUR;21517295764928
03-08-2026;05-08-2026;Acquisto;CSPXJ;IE00B52MJY50;;ISHARES CORE MSCI PAC EX-J UCI;3;-648,99;0;EUR;21517295764919
28-07-2026;28-07-2026;Conferimento con bonifico;;;19265968;;0;3505;0;EUR;
10-07-2026;30-06-2026;Bollo portafoglio titoli*;;;65987203;;0;-31,4;0;EUR;
07-07-2026;10-07-2026;Cedola obb.;M.510739;IT0005565392;65911073;BTP VALORE OT2028 CUM;0;51,25;0;EUR;
07-07-2026;10-07-2026;Rit.cedola obb.;M.510739;IT0005565392;65911074;BTP VALORE OT2028 CUM;0;-6,41;0;EUR;
01-07-2026;03-07-2026;Acquisto;SUAS;IE00BYVJRR92;;ISHARES MSCI USA SRI UCITS ETF;7;-128,8;0;EUR;18217301522646
01-07-2026;03-07-2026;Acquisto;IWQU;IE00BP3QZ601;;ISHARES EDG MSCI WL QU FAC UCI;1;-77,32;0;EUR;18217301522657
01-07-2026;03-07-2026;Acquisto;CSPXJ;IE00B52MJY50;;ISHARES CORE MSCI PAC EX-J UCI;1;-204,37;0;EUR;18217301522643
01-07-2026;03-07-2026;Acquisto;EIMI;IE00BKM4GZ66;;ISHARES CORE MSCI EM IMI UCITS;2;-96,54;0;EUR;18217301522653
01-07-2026;03-07-2026;Acquisto;SMEA;IE00B4K48X80;;ISHARESCOREMSCIEUROPE (ACC) UC;1;-103,68;0;EUR;18217301522650
01-07-2026;03-07-2026;Acquisto;SJPA;IE00B4L5YX21;;ISHARES CORE MSCI JAP IMI UCIT;1;-70,99;0;EUR;18217301522660
28-06-2026;28-06-2026;Conferimento con bonifico;;;19129383;;0;710;0;EUR;
15-06-2026;17-06-2026;Acquisto;SUAS;IE00BYVJRR92;;ISHARES MSCI USA SRI UCITS ETF;5;-89,5;0;EUR;16617302633268
15-06-2026;23-06-2026;Acquisto;M.512818;IT0005713539;;BTP ITALIA SI JUN31 EUR CUM;3000;-3000;0;EUR;16609142126074
10-06-2026;15-06-2026;Cedola obb.;M.510450;IT0005542797;65406576;BTP TF 3,7% GN30 EUR;0;92,5;0;EUR;
10-06-2026;15-06-2026;Rit.cedola obb.;M.510450;IT0005542797;65406577;BTP TF 3,7% GN30 EUR;0;-11,56;0;EUR;
08-06-2026;10-06-2026;Acquisto;SUAS;IE00BYVJRR92;;ISHARES MSCI USA SRI UCITS ETF;7;-122,21;0;EUR;15917281088757
01-06-2026;03-06-2026;Acquisto;EIMI;IE00BKM4GZ66;;ISHARES CORE MSCI EM IMI UCITS;3;-146,87;0;EUR;15217294133714
01-06-2026;03-06-2026;Acquisto;DFNS;IE000YYE6WK5;;VanEck Defense UCITS ETF;1;-56,25;0;EUR;15217294133722
01-06-2026;03-06-2026;Acquisto;SJPA;IE00B4L5YX21;;ISHARES CORE MSCI JAP IMI UCIT;2;-136,6;0;EUR;15217294133717
01-06-2026;03-06-2026;Acquisto;RBOT;IE00BYZK4552;;ISHARES AUTOMAT & ROBOTICS UCI;1;-18,03;0;EUR;15217294133729
01-06-2026;03-06-2026;Acquisto;SUAS;IE00BYVJRR92;;ISHARES MSCI USA SRI UCITS ETF;9;-156,58;0;EUR;15217294133708
01-06-2026;03-06-2026;Acquisto;CSPXJ;IE00B52MJY50;;ISHARES CORE MSCI PAC EX-J UCI;1;-206,03;0;EUR;15217294033705
01-06-2026;03-06-2026;Acquisto;SMEA;IE00B4K48X80;;ISHARESCOREMSCIEUROPE (ACC) UC;1;-100,4;0;EUR;15217294133711
28-05-2026;28-05-2026;Conferimento con bonifico;;;19006590;;0;1950;0;EUR;
27-05-2026;27-05-2026;Conferimento con bonifico;;;19002684;;0;1000;0;EUR;
27-05-2026;27-05-2026;Conferimento con bonifico;;;19002663;;0;1000;0;EUR;
25-05-2026;27-05-2026;Acquisto;SUAS;IE00BYVJRR92;;ISHARES MSCI USA SRI UCITS ETF;1;-17,36;0;EUR;14517273749690
15-05-2026;19-05-2026;Acquisto;SMEA;IE00B4K48X80;;ISHARESCOREMSCIEUROPE (ACC) UC;1;-97,44;0;EUR;13517301604735
12-05-2026;15-05-2026;Cedola obb.;M.511480;IT0005619546;64814475;BTP FX 3,15% NOV31 EUR;0;78,75;0;EUR;
12-05-2026;15-05-2026;Rit.cedola obb.;M.511480;IT0005619546;64814476;BTP FX 3,15% NOV31 EUR;0;-9,84;0;EUR;
11-05-2026;14-05-2026;Cedola obb.;M.511143;IT0005594491;64791928;BTP VALORE SC MG30 CUM;0;41,88;0;EUR;
11-05-2026;14-05-2026;Rit.cedola obb.;M.511143;IT0005594491;64791929;BTP VALORE SC MG30 CUM;0;-5,24;0;EUR;
08-05-2026;12-05-2026;Acquisto;SMEA;IE00B4K48X80;;ISHARESCOREMSCIEUROPE (ACC) UC;1;-98,09;0;EUR;12817295413578
04-05-2026;06-05-2026;Acquisto;SJPA;IE00B4L5YX21;;ISHARES CORE MSCI JAP IMI UCIT;2;-129,14;0;EUR;12417290410360
04-05-2026;06-05-2026;Acquisto;EIMI;IE00BKM4GZ66;;ISHARES CORE MSCI EM IMI UCITS;3;-134,82;0;EUR;12417290410354
04-05-2026;06-05-2026;Acquisto;SUAS;IE00BYVJRR92;;ISHARES MSCI USA SRI UCITS ETF;7;-114,74;0;EUR;12417290410357
04-05-2026;06-05-2026;Acquisto;SMEA;IE00B4K48X80;;ISHARESCOREMSCIEUROPE (ACC) UC;2;-193,26;0;EUR;12417290410353
04-05-2026;06-05-2026;Acquisto;CSPXJ;IE00B52MJY50;;ISHARES CORE MSCI PAC EX-J UCI;1;-202,97;0;EUR;12417290410349
28-04-2026;28-04-2026;Conferimento con bonifico;;;18885039;;0;861;0;EUR;
10-04-2026;31-03-2026;Bollo portafoglio titoli*;;;64205591;;0;-26;0;EUR;
08-04-2026;10-04-2026;Acquisto;SUAS;IE00BYVJRR92;;ISHARES MSCI USA SRI UCITS ETF;4;-61,54;0;EUR;09817294585385
07-04-2026;10-04-2026;Cedola obb.;M.510739;IT0005565392;64126730;BTP VALORE OT2028 CUM;0;51,25;0;EUR;
07-04-2026;10-04-2026;Rit.cedola obb.;M.510739;IT0005565392;64126731;BTP VALORE OT2028 CUM;0;-6,41;0;EUR;
01-04-2026;07-04-2026;Acquisto;EIMI;IE00BKM4GZ66;;ISHARES CORE MSCI EM IMI UCITS;4;-162,54;0;EUR;09117291268922
01-04-2026;07-04-2026;Acquisto;CSPXJ;IE00B52MJY50;;ISHARES CORE MSCI PAC EX-J UCI;1;-200,82;0;EUR;09117291268924
01-04-2026;07-04-2026;Acquisto;SMEA;IE00B4K48X80;;ISHARESCOREMSCIEUROPE (ACC) UC;2;-190,54;0;EUR;09117291268928
01-04-2026;07-04-2026;Acquisto;DFNS;IE000YYE6WK5;;VanEck Defense UCITS ETF;4;-238,76;0;EUR;09117291369113
01-04-2026;07-04-2026;Acquisto;SUAS;IE00BYVJRR92;;ISHARES MSCI USA SRI UCITS ETF;13;-196,74;0;EUR;09117291268927
01-04-2026;07-04-2026;Acquisto;SJPA;IE00B4L5YX21;;ISHARES CORE MSCI JAP IMI UCIT;2;-128,84;0;EUR;09117291268932
28-03-2026;28-03-2026;Conferimento con bonifico;;;18763141;;0;1000;0;EUR;
28-03-2026;28-03-2026;Conferimento con bonifico;;;18763144;;0;180;0;EUR;
09-03-2026;11-03-2026;Acquisto;EIMI;IE00BKM4GZ66;;ISHARES CORE MSCI EM IMI UCITS;2;-81,42;0;EUR;06817292198059
09-03-2026;11-03-2026;Acquisto;SUAS;IE00BYVJRR92;;ISHARES MSCI USA SRI UCITS ETF;2;-30,7;0;EUR;06817292198065
09-03-2026;11-03-2026;Acquisto;SJPA;IE00B4L5YX21;;ISHARES CORE MSCI JAP IMI UCIT;1;-62,29;0;EUR;06817292198061
04-03-2026;04-03-2026;Conferimento con bonifico;;;18669688;;0;156;0;EUR;
02-03-2026;04-03-2026;Acquisto;SJPA;IE00B4L5YX21;;ISHARES CORE MSCI JAP IMI UCIT;3;-198,27;0;EUR;06117292439664
02-03-2026;04-03-2026;Acquisto;EIMI;IE00BKM4GZ66;;ISHARES CORE MSCI EM IMI UCITS;4;-171,7;0;EUR;06117292439668
02-03-2026;04-03-2026;Acquisto;SMEA;IE00B4K48X80;;ISHARESCOREMSCIEUROPE (ACC) UC;2;-198,1;0;EUR;06117292439658
02-03-2026;04-03-2026;Acquisto;SUAS;IE00BYVJRR92;;ISHARES MSCI USA SRI UCITS ETF;12;-188,3;0;EUR;06117292439661
01-03-2026;01-03-2026;Conferimento con bonifico;;;18649934;;0;772;0;EUR;
16-02-2026;18-02-2026;Acquisto;EIMI;IE00BKM4GZ66;;ISHARES CORE MSCI EM IMI UCITS;1;-42,19;0;EUR;04717300488553
11-02-2026;14-02-2026;Cedola obb.;M.511143;IT0005594491;63120032;BTP VALORE SC MG30 CUM;0;41,88;0;EUR;
11-02-2026;14-02-2026;Rit.cedola obb.;M.511143;IT0005594491;63120033;BTP VALORE SC MG30 CUM;0;-5,24;0;EUR;
04-02-2026;04-02-2026;Ritenuta su plusvalenza;;;62989101;;0;-147,15;0;EUR;
02-02-2026;04-02-2026;Acquisto;SMEA;IE00B4K48X80;;ISHARESCOREMSCIEUROPE (ACC) UC;3;-293,67;0;EUR;03317285341349
02-02-2026;04-02-2026;Acquisto;SUAS;IE00BYVJRR92;;ISHARES MSCI USA SRI UCITS ETF;9;-141,17;0;EUR;03317285341352
02-02-2026;04-02-2026;Acquisto;IWQU;IE00BP3QZ601;;ISHARES EDG MSCI WL QU FAC UCI;4;-280,8;0;EUR;03317285842050
02-02-2026;04-02-2026;Acquisto;SJPA;IE00B4L5YX21;;ISHARES CORE MSCI JAP IMI UCIT;5;-310,2;0;EUR;03317285341342
02-02-2026;04-02-2026;Acquisto;EIMI;IE00BKM4GZ66;;ISHARES CORE MSCI EM IMI UCITS;7;-287,39;0;EUR;03317285341347
02-02-2026;04-02-2026;Acquisto;CSPXJ;IE00B52MJY50;;ISHARES CORE MSCI PAC EX-J UCI;2;-394,88;0;EUR;03317285842058
02-02-2026;04-02-2026;Vendita;PHPT;JE00B1VS2W53;;WISDOMTREE PHYSICAL PLATINUM;6;919,26;0;EUR;03309080848910
02-02-2026;04-02-2026;Vendita;PHAG;JE00B1VS3333;;WISDOMTREE PHYSICAL SILVER;9;536,04;0;EUR;03309071748613
28-01-2026;28-01-2026;Conferimento con bonifico;;;18524704;;0;400;0;EUR;
15-01-2026;19-01-2026;Acquisto;SUAS;IE00BYVJRR92;;ISHARES MSCI USA SRI UCITS ETF;1;-15,96;0;EUR;01517284905013
15-01-2026;19-01-2026;Acquisto;EIMI;IE00BKM4GZ66;;ISHARES CORE MSCI EM IMI UCITS;1;-41,14;0;EUR;01517284203774
12-01-2026;31-12-2025;Bollo portafoglio titoli*;;;62455659;;0;-24,2;0;EUR;
08-01-2026;12-01-2026;Acquisto;WGLD;JE00BN2CJ301;;WISDOMTREE CORE PHYSICAL GOLD;1;-380,43;0;EUR;00817285067848
07-01-2026;10-01-2026;Cedola obb.;M.510739;IT0005565392;62369114;BTP VALORE OT2028 CUM;0;51,25;0;EUR;
07-01-2026;10-01-2026;Rit.cedola obb.;M.510739;IT0005565392;62369115;BTP VALORE OT2028 CUM;0;-6,41;0;EUR;
07-01-2026;07-01-2026;Conferimento con bonifico;;;18430846;;0;100;0;EUR;
02-01-2026;06-01-2026;Acquisto;EIMI;IE00BKM4GZ66;;ISHARES CORE MSCI EM IMI UCITS;4;-156,52;0;EUR;00217294243672
02-01-2026;06-01-2026;Acquisto;IWQU;IE00BP3QZ601;;ISHARES EDG MSCI WL QU FAC UCI;4;-272,24;0;EUR;00217294243662
02-01-2026;06-01-2026;Acquisto;SMEA;IE00B4K48X80;;ISHARESCOREMSCIEUROPE (ACC) UC;2;-189,24;0;EUR;00217294243669
02-01-2026;06-01-2026;Acquisto;SJPA;IE00B4L5YX21;;ISHARES CORE MSCI JAP IMI UCIT;3;-177,36;0;EUR;00217294243666
30-12-2025;02-01-2026;Acquisto;CMOD;IE00BD6FTQ80;;INVESCO BLOOMBERG COMMODITY UC;66;-1519,32;0;EUR;X6412304378445
24-12-2025;24-12-2025;Conferimento con bonifico;;;18381930;;0;2500;0;EUR;
23-12-2025;29-12-2025;Acquisto;IWQU;IE00BP3QZ601;;ISHARES EDG MSCI WL QU FAC UCI;4;-272,44;0;EUR;X5717290396736
23-12-2025;29-12-2025;Acquisto;CSPXJ;IE00B52MJY50;;ISHARES CORE MSCI PAC EX-J UCI;1;-187,91;0;EUR;X5717290396738
23-12-2025;29-12-2025;Acquisto;SJPA;IE00B4L5YX21;;ISHARES CORE MSCI JAP IMI UCIT;2;-118,1;0;EUR;X5717290396739
23-12-2025;29-12-2025;Acquisto;SMEA;IE00B4K48X80;;ISHARESCOREMSCIEUROPE (ACC) UC;2;-186,82;0;EUR;X5717290396737
23-12-2025;29-12-2025;Acquisto;SUAS;IE00BYVJRR92;;ISHARES MSCI USA SRI UCITS ETF;3;-45,88;0;EUR;X5717290396741
23-12-2025;29-12-2025;Acquisto;EIMI;IE00BKM4GZ66;;ISHARES CORE MSCI EM IMI UCITS;3;-113,48;0;EUR;X5717290396740
23-12-2025;29-12-2025;Acquisto;DFNS;IE000YYE6WK5;;VanEck Defense UCITS ETF;1;-52,52;0;EUR;X5717290396742
23-12-2025;23-12-2025;Conferimento con bonifico;;;18378356;;0;500;0;EUR;
12-12-2025;12-12-2025;Conferimento con bonifico;;;18343225;;0;500;0;EUR;
10-12-2025;15-12-2025;Cedola obb.;M.510450;IT0005542797;61933484;BTP TF 3,7% GN30 EUR;0;92,5;0;EUR;
10-12-2025;15-12-2025;Rit.cedola obb.;M.510450;IT0005542797;61933485;BTP TF 3,7% GN30 EUR;0;-11,56;0;EUR;
01-12-2025;03-12-2025;Acquisto;IWQU;IE00BP3QZ601;;ISHARES EDG MSCI WL QU FAC UCI;2;-135,52;0;EUR;X3517283321166
01-12-2025;03-12-2025;Acquisto;SMEA;IE00B4K48X80;;ISHARESCOREMSCIEUROPE (ACC) UC;2;-182,32;0;EUR;X3517283321164
01-12-2025;03-12-2025;Acquisto;SJPA;IE00B4L5YX21;;ISHARES CORE MSCI JAP IMI UCIT;1;-58,67;0;EUR;X3517283321177
01-12-2025;03-12-2025;Acquisto;EIMI;IE00BKM4GZ66;;ISHARES CORE MSCI EM IMI UCITS;3;-113,91;0;EUR;X3517283321172
01-12-2025;03-12-2025;Acquisto;SUAS;IE00BYVJRR92;;ISHARES MSCI USA SRI UCITS ETF;3;-45,43;0;EUR;X3517283521515
01-12-2025;01-12-2025;Conferimento con bonifico;;;18303856;;0;500;0;EUR;
17-11-2025;19-11-2025;Acquisto;IWQU;IE00BP3QZ601;;ISHARES EDG MSCI WL QU FAC UCI;1;-66,65;0;EUR;X2117292934524
12-11-2025;15-11-2025;Cedola obb.;M.511480;IT0005619546;61329417;BTP FX 3,15% NOV31 EUR;0;78,75;0;EUR;
12-11-2025;15-11-2025;Rit.cedola obb.;M.511480;IT0005619546;61329418;BTP FX 3,15% NOV31 EUR;0;-9,84;0;EUR;
11-11-2025;14-11-2025;Cedola obb.;M.511143;IT0005594491;61297733;BTP VALORE SC MG30 CUM;0;41,88;0;EUR;
11-11-2025;14-11-2025;Rit.cedola obb.;M.511143;IT0005594491;61297734;BTP VALORE SC MG30 CUM;0;-5,24;0;EUR;
03-11-2025;05-11-2025;Acquisto;IWQU;IE00BP3QZ601;;ISHARES EDG MSCI WL QU FAC UCI;7;-472,71;0;EUR;X0717300444538
31-10-2025;31-10-2025;Conferimento con bonifico;;;18206237;;0;500;0;EUR;
16-10-2025;20-10-2025;Acquisto;SUAS;IE00BYVJRR92;;ISHARES MSCI USA SRI UCITS ETF;2;-30,22;0;EUR;W8917272706282
16-10-2025;20-10-2025;Acquisto;XDW0;IE00BM67HM91;;XTRACKERS MSCI WORLD ENERGY UC;1;-44,67;0;EUR;W8917272706278
10-10-2025;30-09-2025;Bollo portafoglio titoli*;;;60706575;;0;-22,1;0;EUR;
08-10-2025;10-10-2025;Acquisto;SJPA;IE00B4L5YX21;;ISHARES CORE MSCI JAP IMI UCIT;1;-57,92;0;EUR;W8117285585172
08-10-2025;10-10-2025;Acquisto;SMEA;IE00B4K48X80;;ISHARESCOREMSCIEUROPE (ACC) UC;1;-90,93;0;EUR;W8117285585171
08-10-2025;10-10-2025;Acquisto;SUAS;IE00BYVJRR92;;ISHARES MSCI USA SRI UCITS ETF;12;-183,48;0;EUR;W8117285585168
08-10-2025;10-10-2025;Acquisto;XDW0;IE00BM67HM91;;XTRACKERS MSCI WORLD ENERGY UC;2;-92,62;0;EUR;W8117285585170
08-10-2025;10-10-2025;Acquisto;DFNS;IE000YYE6WK5;;VanEck Defense UCITS ETF;1;-57,32;0;EUR;W8117285685211
08-10-2025;10-10-2025;Acquisto;EIMI;IE00BKM4GZ66;;ISHARES CORE MSCI EM IMI UCITS;3;-113,93;0;EUR;W8117285585169
08-10-2025;10-10-2025;Acquisto;CSPXJ;IE00B52MJY50;;ISHARES CORE MSCI PAC EX-J UCI;1;-190,65;0;EUR;W8117285585167
08-10-2025;10-10-2025;Acquisto;RBOT;IE00BYZK4552;;ISHARES AUTOMAT & ROBOTICS UCI;3;-42,46;0;EUR;W8117285585173
07-10-2025;10-10-2025;Cedola obb.;M.510739;IT0005565392;60619245;BTP VALORE OT2028 CUM;0;51,25;0;EUR;
07-10-2025;10-10-2025;Rit.cedola obb.;M.510739;IT0005565392;60619246;BTP VALORE OT2028 CUM;0;-6,41;0;EUR;
03-10-2025;06-10-2025;Prelievo bonifico;;;18100598;;0;-650;0;EUR;
01-10-2025;01-10-2025;Conferimento con bonifico;;;18091886;;0;1536;0;EUR;
23-09-2025;25-09-2025;Acquisto;XDW0;IE00BM67HM91;;XTRACKERS MSCI WORLD ENERGY UC;1;-45,74;0;EUR;W6617285281715
18-09-2025;18-09-2025;Conferimento con bonifico;;;18052871;;0;10;0;EUR;
08-09-2025;10-09-2025;Acquisto;PHPT;JE00B1VS2W53;;WISDOMTREE PHYSICAL PLATINUM;1;-107,92;0;EUR;W5117284764712
08-09-2025;10-09-2025;Acquisto;EIMI;IE00BKM4GZ66;;ISHARES CORE MSCI EM IMI UCITS;2;-70,68;0;EUR;W5117284864716
08-09-2025;10-09-2025;Acquisto;NUCL;IE000M7V94E1;;VanEck Uranium and Nuclear UCI;1;-42,82;0;EUR;W5117284864718
08-09-2025;10-09-2025;Acquisto;SMEA;IE00B4K48X80;;ISHARESCOREMSCIEUROPE (ACC) UC;1;-87,36;0;EUR;W5117284864714
08-09-2025;10-09-2025;Acquisto;XDW0;IE00BM67HM91;;XTRACKERS MSCI WORLD ENERGY UC;3;-132,99;0;EUR;W5117284764708
08-09-2025;10-09-2025;Acquisto;SUAS;IE00BYVJRR92;;ISHARES MSCI USA SRI UCITS ETF;15;-218,19;0;EUR;W5117284764705
08-09-2025;10-09-2025;Acquisto;RBOT;IE00BYZK4552;;ISHARES AUTOMAT & ROBOTICS UCI;9;-118,24;0;EUR;W5117284764709
04-09-2025;08-09-2025;Acquisto;M.511480;IT0005619546;;BTP FX 3,15% NOV31 EUR;5000;-5038;0;EUR;W4710573555873
04-09-2025;08-09-2025;Ratei pass.obb.;M.511480;IT0005619546;;BTP FX 3,15% NOV31 EUR;0;-49,65;0;EUR;W4710573555873
04-09-2025;08-09-2025;Rit.ratei pass.obb.;M.511480;IT0005619546;;BTP FX 3,15% NOV31 EUR;0;6,21;0;EUR;W4710573555873
04-09-2025;08-09-2025;Rit.credito disaggio;M.511480;IT0005619546;;BTP FX 3,15% NOV31 EUR;0;0,13;0;EUR;W4710573555873
04-09-2025;04-09-2025;Conferimento con bonifico;;;18011014;;0;1000;0;EUR;
04-09-2025;04-09-2025;Conferimento con bonifico;;;18011015;;0;1000;0;EUR;
04-09-2025;04-09-2025;Conferimento con bonifico;;;18011012;;0;1000;0;EUR;
01-09-2025;01-09-2025;Conferimento con bonifico;;;17998429;;0;2000;0;EUR;
25-08-2025;27-08-2025;Acquisto;RBOT;IE00BYZK4552;;ISHARES AUTOMAT & ROBOTICS UCI;7;-91,17;0;EUR;W3717284549728
25-08-2025;27-08-2025;Acquisto;EIMI;IE00BKM4GZ66;;ISHARES CORE MSCI EM IMI UCITS;2;-70,77;0;EUR;W3717285150498
25-08-2025;27-08-2025;Acquisto;PHPT;JE00B1VS2W53;;WISDOMTREE PHYSICAL PLATINUM;1;-105,08;0;EUR;W3717284549730
25-08-2025;27-08-2025;Acquisto;SJPA;IE00B4L5YX21;;ISHARES CORE MSCI JAP IMI UCIT;1;-56,19;0;EUR;W3717285150499
25-08-2025;27-08-2025;Acquisto;SMEA;IE00B4K48X80;;ISHARESCOREMSCIEUROPE (ACC) UC;1;-88,2;0;EUR;W3717285150496
25-08-2025;27-08-2025;Acquisto;SUAS;IE00BYVJRR92;;ISHARES MSCI USA SRI UCITS ETF;16;-236,45;0;EUR;W3717284549729
25-08-2025;27-08-2025;Acquisto;XDW0;IE00BM67HM91;;XTRACKERS MSCI WORLD ENERGY UC;3;-135,54;0;EUR;W3717284549726
11-08-2025;14-08-2025;Cedola obb.;M.511143;IT0005594491;38460194;BTP VALORE SC MG30 CUM;0;41,88;0;EUR;
11-08-2025;14-08-2025;Rit.cedola obb.;M.511143;IT0005594491;38460195;BTP VALORE SC MG30 CUM;0;-5,24;0;EUR;
08-08-2025;12-08-2025;Acquisto;SUAS;IE00BYVJRR92;;ISHARES MSCI USA SRI UCITS ETF;20;-289,8;0;EUR;W2017283750373
08-08-2025;12-08-2025;Acquisto;PHPT;JE00B1VS2W53;;WISDOMTREE PHYSICAL PLATINUM;1;-104,29;0;EUR;W2017283850377
08-08-2025;12-08-2025;Acquisto;RBOT;IE00BYZK4552;;ISHARES AUTOMAT & ROBOTICS UCI;15;-194,91;0;EUR;W2017283850394
08-08-2025;12-08-2025;Acquisto;CSPXJ;IE00B52MJY50;;ISHARES CORE MSCI PAC EX-J UCI;1;-183,3;0;EUR;W2017283850397
08-08-2025;12-08-2025;Acquisto;SMEA;IE00B4K48X80;;ISHARESCOREMSCIEUROPE (ACC) UC;2;-172,36;0;EUR;W2017283850399
08-08-2025;12-08-2025;Acquisto;EIMI;IE00BKM4GZ66;;ISHARES CORE MSCI EM IMI UCITS;3;-103,71;0;EUR;W2017283850401
08-08-2025;12-08-2025;Acquisto;XDW0;IE00BM67HM91;;XTRACKERS MSCI WORLD ENERGY UC;3;-131,39;0;EUR;W2017283850375
29-07-2025;29-07-2025;Conferimento con bonifico;;;17899051;;0;2078;0;EUR;
24-07-2025;28-07-2025;Acquisto;PHPT;JE00B1VS2W53;;WISDOMTREE PHYSICAL PLATINUM;1;-109,86;0;EUR;W0517271611332
23-07-2025;25-07-2025;Acquisto;XDW0;IE00BM67HM91;;XTRACKERS MSCI WORLD ENERGY UC;1;-43,83;0;EUR;W0417284117208
23-07-2025;25-07-2025;Acquisto;DFNS;IE000YYE6WK5;;VanEck Defense UCITS ETF;1;-49,39;0;EUR;W0417284217297
23-07-2025;25-07-2025;Acquisto;SJPA;IE00B4L5YX21;;ISHARES CORE MSCI JAP IMI UCIT;2;-107,46;0;EUR;W0417284117206
23-07-2025;25-07-2025;Acquisto;SUAS;IE00BYVJRR92;;ISHARES MSCI USA SRI UCITS ETF;13;-188,63;0;EUR;W0417284117213
14-07-2025;14-07-2025;Conferimento con bonifico;;;17852794;;0;250;0;EUR;
09-07-2025;30-06-2025;Bollo portafoglio titoli*;;;35925125;;0;-16,4;0;EUR;
07-07-2025;10-07-2025;Cedola obb.;M.510739;IT0005565392;35641128;BTP VALORE OT2028 CUM;0;51,25;0;EUR;
07-07-2025;10-07-2025;Rit.cedola obb.;M.510739;IT0005565392;35641129;BTP VALORE OT2028 CUM;0;-6,41;0;EUR;
01-07-2025;03-07-2025;Acquisto;PHPT;JE00B1VS2W53;;WISDOMTREE PHYSICAL PLATINUM;1;-103,71;0;EUR;V8217283969873
01-07-2025;03-07-2025;Acquisto;CSPXJ;IE00B52MJY50;;ISHARES CORE MSCI PAC EX-J UCI;1;-177,62;0;EUR;V8217283969865
01-07-2025;03-07-2025;Acquisto;SMEA;IE00B4K48X80;;ISHARESCOREMSCIEUROPE (ACC) UC;1;-85,18;0;EUR;V8217283969882
01-07-2025;03-07-2025;Acquisto;PHAG;JE00B1VS3333;;WISDOMTREE PHYSICAL SILVER;1;-28,09;0;EUR;V8217283969893
01-07-2025;03-07-2025;Acquisto;EIMI;IE00BKM4GZ66;;ISHARES CORE MSCI EM IMI UCITS;2;-67,07;0;EUR;V8217283969889
01-07-2025;03-07-2025;Acquisto;NUCL;IE000M7V94E1;;VanEck Uranium and Nuclear UCI;7;-261,91;0;EUR;V8217283969898
01-07-2025;03-07-2025;Acquisto;SJPA;IE00B4L5YX21;;ISHARES CORE MSCI JAP IMI UCIT;2;-104,7;0;EUR;V8217283969876
01-07-2025;03-07-2025;Acquisto;DFNS;IE000YYE6WK5;;VanEck Defense UCITS ETF;2;-93,7;0;EUR;V8217283969879
01-07-2025;03-07-2025;Acquisto;SUAS;IE00BYVJRR92;;ISHARES MSCI USA SRI UCITS ETF;12;-172,37;0;EUR;V8217283969868
01-07-2025;03-07-2025;Acquisto;XDW0;IE00BM67HM91;;XTRACKERS MSCI WORLD ENERGY UC;2;-85,96;0;EUR;V8217283969887
01-07-2025;01-07-2025;Conferimento con bonifico;;;17808072;;0;765;0;EUR;
17-06-2025;19-06-2025;Acquisto;HTWO;IE00BMYDM794;;L&G HYDROGEN ECONOMY UCITS ETF;123;-503,38;0;EUR;V6814053874687
16-06-2025;18-06-2025;Acquisto;PHPT;JE00B1VS2W53;;WISDOMTREE PHYSICAL PLATINUM;1;-100,33;0;EUR;V6717285317229
16-06-2025;18-06-2025;Acquisto;XDW0;IE00BM67HM91;;XTRACKERS MSCI WORLD ENERGY UC;5;-222,65;0;EUR;V6717285317226
16-06-2025;18-06-2025;Acquisto;SUAS;IE00BYVJRR92;;ISHARES MSCI USA SRI UCITS ETF;10;-142,32;0;EUR;V6717285317227
16-06-2025;18-06-2025;Acquisto;PHAG;JE00B1VS3333;;WISDOMTREE PHYSICAL SILVER;8;-230,08;0;EUR;V6717285317228
16-06-2025;18-06-2025;Acquisto;EIMI;IE00BKM4GZ66;;ISHARES CORE MSCI EM IMI UCITS;10;-333,85;0;EUR;V6717285317224
16-06-2025;18-06-2025;Acquisto;CSPXJ;IE00B52MJY50;;ISHARES CORE MSCI PAC EX-J UCI;2;-358,22;0;EUR;V6717285317223
16-06-2025;18-06-2025;Acquisto;SJPA;IE00B4L5YX21;;ISHARES CORE MSCI JAP IMI UCIT;5;-261,95;0;EUR;V6717285317225
11-06-2025;15-06-2025;Cedola obb.;M.510450;IT0005542797;33739711;BTP TF 3,7% GN30 EUR;0;92,5;0;EUR;
11-06-2025;15-06-2025;Rit.cedola obb.;M.510450;IT0005542797;33739713;BTP TF 3,7% GN30 EUR;0;-11,56;0;EUR;
06-06-2025;06-06-2025;Conferimento con bonifico;;;17741842;;0;700;0;EUR;
02-06-2025;04-06-2025;Acquisto;EIMI;IE00BKM4GZ66;;ISHARES CORE MSCI EM IMI UCITS;4;-129,06;0;EUR;V5317284755439
02-06-2025;04-06-2025;Acquisto;SJPA;IE00B4L5YX21;;ISHARES CORE MSCI JAP IMI UCIT;1;-53,29;0;EUR;V5317284755441
02-06-2025;04-06-2025;Acquisto;XDW0;IE00BM67HM91;;XTRACKERS MSCI WORLD ENERGY UC;2;-84,89;0;EUR;V5317284755446
02-06-2025;04-06-2025;Acquisto;CSPXJ;IE00B52MJY50;;ISHARES CORE MSCI PAC EX-J UCI;1;-177,29;0;EUR;V5317284755437
29-05-2025;29-05-2025;Conferimento con bonifico;;;17718381;;0;3202,89;0;EUR;
15-05-2025;19-05-2025;Acquisto;SUAS;IE00BYVJRR92;;ISHARES MSCI USA SRI UCITS ETF;1;-14,48;0;EUR;V3517285424773
15-05-2025;19-05-2025;Acquisto;EIMI;IE00BKM4GZ66;;ISHARES CORE MSCI EM IMI UCITS;1;-33,28;0;EUR;V3517285424772
09-05-2025;14-05-2025;Cedola obb.;M.511143;IT0005594491;31683601;BTP VALORE SC MG30 CUM;0;41,88;0;EUR;
09-05-2025;14-05-2025;Rit.cedola obb.;M.511143;IT0005594491;31683602;BTP VALORE SC MG30 CUM;0;-5,24;0;EUR;
08-05-2025;12-05-2025;Acquisto;EIMI;IE00BKM4GZ66;;ISHARES CORE MSCI EM IMI UCITS;1;-31,98;0;EUR;V2817275527646
02-05-2025;06-05-2025;Acquisto;EIMI;IE00BKM4GZ66;;ISHARES CORE MSCI EM IMI UCITS;3;-95,79;0;EUR;V2217282081836
02-05-2025;06-05-2025;Acquisto;SUAS;IE00BYVJRR92;;ISHARES MSCI USA SRI UCITS ETF;6;-81,34;0;EUR;V2217282081839
02-05-2025;06-05-2025;Acquisto;SJPA;IE00B4L5YX21;;ISHARES CORE MSCI JAP IMI UCIT;1;-51,58;0;EUR;V2217282482569
02-05-2025;06-05-2025;Acquisto;XDW0;IE00BM67HM91;;XTRACKERS MSCI WORLD ENERGY UC;1;-41,91;0;EUR;V2217283885108
28-04-2025;28-04-2025;Conferimento con bonifico;;;17625201;;0;260;0;EUR;
15-04-2025;17-04-2025;Acquisto;CSPXJ;IE00B52MJY50;;ISHARES CORE MSCI PAC EX-J UCI;1;-159;0;EUR;V0517282657894
15-04-2025;17-04-2025;Acquisto;SUAS;IE00BYVJRR92;;ISHARES MSCI USA SRI UCITS ETF;7;-91,28;0;EUR;V0517282657898
14-04-2025;14-04-2025;Conferimento con bonifico;;;17584345;;0;260;0;EUR;
10-04-2025;31-03-2025;Bollo portafoglio titoli*;;;30169653;;0;-14,1;0;EUR;
08-04-2025;10-04-2025;Acquisto;EIMI;IE00BKM4GZ66;;ISHARES CORE MSCI EM IMI UCITS;2;-58,36;0;EUR;U9817275870654
07-04-2025;10-04-2025;Cedola obb.;M.510739;IT0005565392;30011839;BTP VALORE OT2028 CUM;0;51,25;0;EUR;
07-04-2025;10-04-2025;Rit.cedola obb.;M.510739;IT0005565392;30011840;BTP VALORE OT2028 CUM;0;-6,41;0;EUR;
01-04-2025;03-04-2025;Acquisto;CSPXJ;IE00B52MJY50;;ISHARES CORE MSCI PAC EX-J UCI;1;-171,95;0;EUR;U9117324138252
01-04-2025;03-04-2025;Acquisto;SUAS;IE00BYVJRR92;;ISHARES MSCI USA SRI UCITS ETF;10;-141,5;0;EUR;U9117324138246
01-04-2025;03-04-2025;Acquisto;EIMI;IE00BKM4GZ66;;ISHARES CORE MSCI EM IMI UCITS;1;-32,59;0;EUR;U9117324138247
30-03-2025;30-03-2025;Conferimento con bonifico;;;17524176;;0;400;0;EUR;
17-03-2025;19-03-2025;Acquisto;CSPXJ;IE00B52MJY50;;ISHARES CORE MSCI PAC EX-J UCI;1;-170,66;0;EUR;U7617322199838
17-03-2025;19-03-2025;Acquisto;SUAS;IE00BYVJRR92;;ISHARES MSCI USA SRI UCITS ETF;7;-98,21;0;EUR;U7617322199839
17-03-2025;19-03-2025;Acquisto;XDW0;IE00BM67HM91;;XTRACKERS MSCI WORLD ENERGY UC;2;-94,14;0;EUR;U7617322199840
17-03-2025;19-03-2025;Acquisto;EIMI;IE00BKM4GZ66;;ISHARES CORE MSCI EM IMI UCITS;2;-66,04;0;EUR;U7617322199841
17-03-2025;17-03-2025;Conferimento con bonifico;;;17485975;;0;300;0;EUR;
10-03-2025;12-03-2025;Acquisto;EIMI;IE00BKM4GZ66;;ISHARES CORE MSCI EM IMI UCITS;3;-96,47;0;EUR;U6917295096899
10-03-2025;12-03-2025;Acquisto;CSPXJ;IE00B52MJY50;;ISHARES CORE MSCI PAC EX-J UCI;2;-340,76;0;EUR;U6917295096896
10-03-2025;12-03-2025;Acquisto;SMEA;IE00B4K48X80;;ISHARESCOREMSCIEUROPE (ACC) UC;1;-84,73;0;EUR;U6917300797766
10-03-2025;12-03-2025;Acquisto;SJPA;IE00B4L5YX21;;ISHARES CORE MSCI JAP IMI UCIT;2;-103,62;0;EUR;U6917295096898
10-03-2025;12-03-2025;Acquisto;XDW0;IE00BM67HM91;;XTRACKERS MSCI WORLD ENERGY UC;2;-91,53;0;EUR;U6917295096900
10-03-2025;12-03-2025;Acquisto;SUAS;IE00BYVJRR92;;ISHARES MSCI USA SRI UCITS ETF;10;-141,82;0;EUR;U6917295096897
04-03-2025;04-03-2025;Conferimento con bonifico;;;17445214;;0;1000;0;EUR;
03-03-2025;05-03-2025;Acquisto;CSPXJ;IE00B52MJY50;;ISHARES CORE MSCI PAC EX-J UCI;1;-178,71;0;EUR;U6217321040197
03-03-2025;05-03-2025;Acquisto;SUAS;IE00BYVJRR92;;ISHARES MSCI USA SRI UCITS ETF;10;-152,64;0;EUR;U6217283526574
03-03-2025;05-03-2025;Acquisto;EIMI;IE00BKM4GZ66;;ISHARES CORE MSCI EM IMI UCITS;5;-165,48;0;EUR;U6217283526573
25-02-2025;25-02-2025;Conferimento con bonifico;;;17417129;;0;500;0;EUR;
17-02-2025;19-02-2025;Acquisto;SUAS;IE00BYVJRR92;;ISHARES MSCI USA SRI UCITS ETF;1;-15,63;0;EUR;U4817321649718
17-02-2025;19-02-2025;Acquisto;XDW0;IE00BM67HM91;;XTRACKERS MSCI WORLD ENERGY UC;1;-48,5;0;EUR;U4817321649717
11-02-2025;14-02-2025;Cedola obb.;M.511143;IT0005594491;36992227;BTP VALORE SC MG30 CUM;0;41,88;0;EUR;
11-02-2025;14-02-2025;Rit.cedola obb.;M.511143;IT0005594491;36992228;BTP VALORE SC MG30 CUM;0;-5,24;0;EUR;
10-02-2025;12-02-2025;Acquisto;SUAS;IE00BYVJRR92;;ISHARES MSCI USA SRI UCITS ETF;5;-78,78;0;EUR;U4117300565675
10-02-2025;12-02-2025;Acquisto;XDW0;IE00BM67HM91;;XTRACKERS MSCI WORLD ENERGY UC;1;-49,14;0;EUR;U4117300565676
10-02-2025;12-02-2025;Acquisto;EIMI;IE00BKM4GZ66;;ISHARES CORE MSCI EM IMI UCITS;4;-135,86;0;EUR;U4117300565673
04-02-2025;04-02-2025;Conferimento con bonifico;;;17351674;;0;250;0;EUR;
03-02-2025;05-02-2025;Acquisto;XDW0;IE00BM67HM91;;XTRACKERS MSCI WORLD ENERGY UC;1;-47,94;0;EUR;U3417325591306
03-02-2025;05-02-2025;Acquisto;EIMI;IE00BKM4GZ66;;ISHARES CORE MSCI EM IMI UCITS;3;-99,8;0;EUR;U3417285476790
03-02-2025;05-02-2025;Acquisto;SMEA;IE00B4K48X80;;ISHARESCOREMSCIEUROPE (ACC) UC;1;-82,86;0;EUR;U3417303882963
03-02-2025;05-02-2025;Acquisto;SUAS;IE00BYVJRR92;;ISHARES MSCI USA SRI UCITS ETF;5;-78,27;0;EUR;U3417285476791
01-02-2025;01-02-2025;Conferimento con bonifico;;;17343498;;0;300;0;EUR;
23-01-2025;27-01-2025;Acquisto;SUAS;IE00BYVJRR92;;ISHARES MSCI USA SRI UCITS ETF;10;-159,96;0;EUR;U2317292496312
23-01-2025;27-01-2025;Acquisto;EIMI;IE00BKM4GZ66;;ISHARES CORE MSCI EM IMI UCITS;2;-65,98;0;EUR;U2317292496313
22-01-2025;24-01-2025;Acquisto;DFNS;IE000YYE6WK5;;VanEck Defense UCITS ETF;13;-492,64;0;EUR;U2214581091390
10-01-2025;31-12-2024;Bollo portafoglio titoli*;;;35322713;;0;-11,3;0;EUR;
08-01-2025;10-01-2025;Acquisto;XDW0;IE00BM67HM91;;XTRACKERS MSCI WORLD ENERGY UC;4;-192,16;0;EUR;U0817285938397
08-01-2025;10-01-2025;Acquisto;CSPXJ;IE00B52MJY50;;ISHARES CORE MSCI PAC EX-J UCI;4;-712,96;0;EUR;U0817285938407
08-01-2025;10-01-2025;Acquisto;SUAS;IE00BYVJRR92;;ISHARES MSCI USA SRI UCITS ETF;10;-156,44;0;EUR;U0817285938410
08-01-2025;10-01-2025;Acquisto;EIMI;IE00BKM4GZ66;;ISHARES CORE MSCI EM IMI UCITS;10;-329,6;0;EUR;U0817285938408
08-01-2025;10-01-2025;Acquisto;SJPA;IE00B4L5YX21;;ISHARES CORE MSCI JAP IMI UCIT;2;-105,22;0;EUR;U0817285938411
08-01-2025;10-01-2025;Acquisto;SMEA;IE00B4K48X80;;ISHARESCOREMSCIEUROPE (ACC) UC;3;-238,5;0;EUR;U0817285938409
07-01-2025;10-01-2025;Cedola obb.;M.510739;IT0005565392;35117155;BTP VALORE OT2028 CUM;0;51,25;0;EUR;
07-01-2025;10-01-2025;Rit.cedola obb.;M.510739;IT0005565392;35117156;BTP VALORE OT2028 CUM;0;-6,41;0;EUR;
03-01-2025;03-01-2025;Conferimento con bonifico;;;17247295;;0;2403;0;EUR;
02-01-2025;06-01-2025;Acquisto;SMEA;IE00B4K48X80;;ISHARESCOREMSCIEUROPE (ACC) UC;5;-395,3;0;EUR;U0217305392254
02-01-2025;06-01-2025;Acquisto;CSPXJ;IE00B52MJY50;;ISHARES CORE MSCI PAC EX-J UCI;3;-533,82;0;EUR;U0217313795117
02-01-2025;06-01-2025;Acquisto;SJPA;IE00B4L5YX21;;ISHARES CORE MSCI JAP IMI UCIT;2;-106,46;0;EUR;U0217300489029
02-01-2025;06-01-2025;Acquisto;SUAS;IE00BYVJRR92;;ISHARES MSCI USA SRI UCITS ETF;15;-235,5;0;EUR;U0217290485160
02-01-2025;06-01-2025;Acquisto;EIMI;IE00BKM4GZ66;;ISHARES CORE MSCI EM IMI UCITS;5;-166,33;0;EUR;U0217290485161
02-01-2025;02-01-2025;Conferimento con bonifico;;;17243152;;0;1000;0;EUR;
27-12-2024;27-12-2024;Conferimento con bonifico;;;17226776;;0;500;0;EUR;
16-12-2024;18-12-2024;Acquisto;CSPXJ;IE00B52MJY50;;ISHARES CORE MSCI PAC EX-J UCI;2;-356,56;0;EUR;T5117320822127
16-12-2024;18-12-2024;Acquisto;EIMI;IE00BKM4GZ66;;ISHARES CORE MSCI EM IMI UCITS;2;-66,71;0;EUR;T5117310818633
16-12-2024;18-12-2024;Acquisto;SUAS;IE00BYVJRR92;;ISHARES MSCI USA SRI UCITS ETF;2;-31,85;0;EUR;T5117310818634
16-12-2024;18-12-2024;Acquisto;SMEA;IE00B4K48X80;;ISHARESCOREMSCIEUROPE (ACC) UC;1;-79,71;0;EUR;T5117320822128
16-12-2024;18-12-2024;Acquisto;SJPA;IE00B4L5YX21;;ISHARES CORE MSCI JAP IMI UCIT;1;-52,5;0;EUR;T5117320822129
12-12-2024;12-12-2024;Conferimento con bonifico;;;17186076;;0;500;0;EUR;
11-12-2024;15-12-2024;Cedola obb.;M.510450;IT0005542797;33949862;BTP TF 3,7% GN30 EUR;0;92,5;0;EUR;
11-12-2024;15-12-2024;Rit.cedola obb.;M.510450;IT0005542797;33949863;BTP TF 3,7% GN30 EUR;0;-11,56;0;EUR;
09-12-2024;11-12-2024;Acquisto;EIMI;IE00BKM4GZ66;;ISHARES CORE MSCI EM IMI UCITS;1;-33,87;0;EUR;T4417281295850
09-12-2024;11-12-2024;Acquisto;SUAS;IE00BYVJRR92;;ISHARES MSCI USA SRI UCITS ETF;1;-15,94;0;EUR;T4417281395851
02-12-2024;04-12-2024;Acquisto;SMEA;IE00B4K48X80;;ISHARESCOREMSCIEUROPE (ACC) UC;2;-158,58;0;EUR;T3717315349256
02-12-2024;04-12-2024;Acquisto;EIMI;IE00BKM4GZ66;;ISHARES CORE MSCI EM IMI UCITS;3;-99,14;0;EUR;T3717292041200
02-12-2024;04-12-2024;Acquisto;SJPA;IE00B4L5YX21;;ISHARES CORE MSCI JAP IMI UCIT;1;-53,63;0;EUR;T3717304445512
02-12-2024;04-12-2024;Acquisto;SUAS;IE00BYVJRR92;;ISHARES MSCI USA SRI UCITS ETF;8;-128,88;0;EUR;T3717292041199
26-11-2024;26-11-2024;Conferimento con bonifico;;;17139897;;0;200;0;EUR;
26-11-2024;26-11-2024;Conferimento con bonifico;;;17139891;;0;300;0;EUR;
15-11-2024;19-11-2024;Acquisto;EIMI;IE00BKM4GZ66;;ISHARES CORE MSCI EM IMI UCITS;1;-32,51;0;EUR;T2017325522264
15-11-2024;19-11-2024;Acquisto;SUAS;IE00BYVJRR92;;ISHARES MSCI USA SRI UCITS ETF;1;-15,57;0;EUR;T2017325522265
11-11-2024;14-11-2024;Cedola obb.;M.511143;IT0005594491;32876341;BTP VALORE SC MG30 CUM;0;41,88;0;EUR;
11-11-2024;14-11-2024;Rit.cedola obb.;M.511143;IT0005594491;32876342;BTP VALORE SC MG30 CUM;0;-5,24;0;EUR;
08-11-2024;12-11-2024;Acquisto;SJPA;IE00B4L5YX21;;ISHARES CORE MSCI JAP IMI UCIT;1;-51,51;0;EUR;T1317283956049
08-11-2024;12-11-2024;Acquisto;SUAS;IE00BYVJRR92;;ISHARES MSCI USA SRI UCITS ETF;3;-46,52;0;EUR;T1317283956050
08-11-2024;12-11-2024;Acquisto;SMEA;IE00B4K48X80;;ISHARESCOREMSCIEUROPE (ACC) UC;2;-156,32;0;EUR;T1317283956048
08-11-2024;12-11-2024;Acquisto;EIMI;IE00BKM4GZ66;;ISHARES CORE MSCI EM IMI UCITS;1;-33,16;0;EUR;T1317283956051
04-11-2024;04-11-2024;Conferimento con bonifico;;;17081192;;0;300;0;EUR;
01-11-2024;05-11-2024;Acquisto;SMEA;IE00B4K48X80;;ISHARESCOREMSCIEUROPE (ACC) UC;1;-78,88;0;EUR;T0617323417884
01-11-2024;05-11-2024;Acquisto;SUAS;IE00BYVJRR92;;ISHARES MSCI USA SRI UCITS ETF;2;-29,24;0;EUR;T0617293008097
01-11-2024;05-11-2024;Acquisto;SJPA;IE00B4L5YX21;;ISHARES CORE MSCI JAP IMI UCIT;1;-50,2;0;EUR;T0617310213081
01-11-2024;05-11-2024;Acquisto;EIMI;IE00BKM4GZ66;;ISHARES CORE MSCI EM IMI UCITS;2;-65,75;0;EUR;T0617293008096
01-11-2024;05-11-2024;Acquisto;CSPXJ;IE00B52MJY50;;ISHARES CORE MSCI PAC EX-J UCI;1;-174,33;0;EUR;T0617313915155
23-10-2024;23-10-2024;Conferimento con bonifico;;;17051458;;0;400;0;EUR;
15-10-2024;17-10-2024;Acquisto;SUAS;IE00BYVJRR92;;ISHARES MSCI USA SRI UCITS ETF;4;-59,1;0;EUR;S8917334178572
09-10-2024;30-09-2024;Bollo portafoglio titoli*;;;31865534;;0;-10,2;0;EUR;
07-10-2024;10-10-2024;Cedola obb.;M.510739;IT0005565392;31727655;BTP VALORE OT2028 CUM;0;51,25;0;EUR;
07-10-2024;10-10-2024;Rit.cedola obb.;M.510739;IT0005565392;31727656;BTP VALORE OT2028 CUM;0;-6,41;0;EUR;
01-10-2024;03-10-2024;Acquisto;SUAS;IE00BYVJRR92;;ISHARES MSCI USA SRI UCITS ETF;2;-28,57;0;EUR;S7517302869366
01-10-2024;03-10-2024;Acquisto;SJPA;IE00B4L5YX21;;ISHARES CORE MSCI JAP IMI UCIT;1;-51,75;0;EUR;S7517320675418
01-10-2024;03-10-2024;Acquisto;CSPXJ;IE00B52MJY50;;ISHARES CORE MSCI PAC EX-J UCI;1;-178,43;0;EUR;S7517325878638
01-10-2024;03-10-2024;Acquisto;EIMI;IE00BKM4GZ66;;ISHARES CORE MSCI EM IMI UCITS;1;-33,24;0;EUR;S7517302869365
23-09-2024;23-09-2024;Conferimento con bonifico;;;16968819;;0;300;0;EUR;
02-09-2024;04-09-2024;Acquisto;EIMI;IE00BKM4GZ66;;ISHARES CORE MSCI EM IMI UCITS;4;-125,82;0;EUR;S4617303778206
02-09-2024;04-09-2024;Acquisto;SUAS;IE00BYVJRR92;;ISHARES MSCI USA SRI UCITS ETF;8;-112,77;0;EUR;S4617303778207
02-09-2024;04-09-2024;Acquisto;SJPA;IE00B4L5YX21;;ISHARES CORE MSCI JAP IMI UCIT;1;-51,44;0;EUR;S4617322985242
23-08-2024;23-08-2024;Conferimento con bonifico;;;16902211;;0;300;0;EUR;
16-08-2024;20-08-2024;Acquisto;EIMI;IE00BKM4GZ66;;ISHARES CORE MSCI EM IMI UCITS;1;-31,59;0;EUR;S2917323398534
16-08-2024;20-08-2024;Acquisto;SUAS;IE00BYVJRR92;;ISHARES MSCI USA SRI UCITS ETF;2;-27,72;0;EUR;S2917322097572
09-08-2024;14-08-2024;Cedola obb.;M.511143;IT0005594491;39588333;BTP VALORE SC MG30 CUM;0;41,88;0;EUR;
09-08-2024;14-08-2024;Rit.cedola obb.;M.511143;IT0005594491;39588334;BTP VALORE SC MG30 CUM;0;-5,24;0;EUR;
01-08-2024;05-08-2024;Acquisto;EIMI;IE00BKM4GZ66;;ISHARES CORE MSCI EM IMI UCITS;2;-63,38;0;EUR;S1417304810594
01-08-2024;05-08-2024;Acquisto;SUAS;IE00BYVJRR92;;ISHARES MSCI USA SRI UCITS ETF;3;-42,22;0;EUR;S1417304810595
01-08-2024;05-08-2024;Acquisto;SJPA;IE00B4L5YX21;;ISHARES CORE MSCI JAP IMI UCIT;2;-100,28;0;EUR;S1417323817476
01-08-2024;05-08-2024;Acquisto;SMEA;IE00B4K48X80;;ISHARESCOREMSCIEUROPE (ACC) UC;1;-78,43;0;EUR;S1417304810593
24-07-2024;24-07-2024;Conferimento con bonifico;;;16827877;;0;300;0;EUR;
15-07-2024;17-07-2024;Acquisto;SUAS;IE00BYVJRR92;;ISHARES MSCI USA SRI UCITS ETF;1;-14,31;0;EUR;R9717325861015
15-07-2024;17-07-2024;Acquisto;EIMI;IE00BKM4GZ66;;ISHARES CORE MSCI EM IMI UCITS;1;-32,51;0;EUR;R9717332162483
08-07-2024;30-06-2024;Bollo portafoglio titoli*;;;38048954;;0;-6,9;0;EUR;
05-07-2024;10-07-2024;Cedola obb.;M.510739;IT0005565392;37936654;BTP VALORE OT2028 CUM;0;51,25;0;EUR;
05-07-2024;10-07-2024;Rit.cedola obb.;M.510739;IT0005565392;37936655;BTP VALORE OT2028 CUM;0;-6,41;0;EUR;
01-07-2024;03-07-2024;Acquisto;EIMI;IE00BKM4GZ66;;ISHARES CORE MSCI EM IMI UCITS;1;-31,96;0;EUR;R8317310479282
01-07-2024;03-07-2024;Acquisto;SJPA;IE00B4L5YX21;;ISHARES CORE MSCI JAP IMI UCIT;1;-49,96;0;EUR;R8317312780621
01-07-2024;03-07-2024;Acquisto;SUAS;IE00BYVJRR92;;ISHARES MSCI USA SRI UCITS ETF;8;-111,49;0;EUR;R8317310479279
01-07-2024;03-07-2024;Acquisto;SMEA;IE00B4K48X80;;ISHARESCOREMSCIEUROPE (ACC) UC;1;-78,99;0;EUR;R8317310479281
27-06-2024;01-07-2024;Acquisto;M.510450;IT0005542797;;BTP TF 3,7% GN30 EUR;5000;-5022;0;EUR;R7911113902285
27-06-2024;01-07-2024;Ratei pass.obb.;M.510450;IT0005542797;;BTP TF 3,7% GN30 EUR;0;-8,09;0;EUR;R7911113902285
27-06-2024;01-07-2024;Rit.ratei pass.obb.;M.510450;IT0005542797;;BTP TF 3,7% GN30 EUR;0;1,01;0;EUR;R7911113902285
27-06-2024;01-07-2024;Rit.credito disaggio;M.510450;IT0005542797;;BTP TF 3,7% GN30 EUR;0;1,83;0;EUR;R7911113902285
26-06-2024;26-06-2024;Conferimento con bonifico;;;16750955;;0;5300;0;EUR;
03-06-2024;05-06-2024;Acquisto;EIMI;IE00BKM4GZ66;;ISHARES CORE MSCI EM IMI UCITS;1;-30,8;0;EUR;R5517311630068
03-06-2024;05-06-2024;Acquisto;SUAS;IE00BYVJRR92;;ISHARES MSCI USA SRI UCITS ETF;10;-133,12;0;EUR;R5517311630066
03-06-2024;05-06-2024;Acquisto;SJPA;IE00B4L5YX21;;ISHARES CORE MSCI JAP IMI UCIT;1;-50,12;0;EUR;R5517314431671
03-06-2024;05-06-2024;Acquisto;SMEA;IE00B4K48X80;;ISHARESCOREMSCIEUROPE (ACC) UC;1;-79,76;0;EUR;R5517311630067
28-05-2024;28-05-2024;Conferimento con bonifico;;;16683380;;0;300;0;EUR;
09-05-2024;09-05-2024;Rit.ratei pass.obb.;M.510739;IT0005565392;35410873;BTP VALORE OT2028 CUM;0;2,04;0;EUR;
06-05-2024;14-05-2024;Acquisto;M.511143;IT0005594491;;BTP VALORE SC MG30 CUM;5000;-5000;0;EUR;R2711365151443
02-05-2024;06-05-2024;Acquisto;EIMI;IE00BKM4GZ66;;ISHARES CORE MSCI EM IMI UCITS;1;-31,05;0;EUR;R2317313497843
02-05-2024;06-05-2024;Acquisto;SMEA;IE00B4K48X80;;ISHARESCOREMSCIEUROPE (ACC) UC;1;-76,65;0;EUR;R2317313497842
02-05-2024;06-05-2024;Acquisto;SUAS;IE00BYVJRR92;;ISHARES MSCI USA SRI UCITS ETF;12;-159,94;0;EUR;R2317313497840
02-05-2024;06-05-2024;Acquisto;SJPA;IE00B4L5YX21;;ISHARES CORE MSCI JAP IMI UCIT;1;-50,21;0;EUR;R2317320999963
29-04-2024;29-04-2024;Conferimento con bonifico;;;16612862;;0;5000;0;EUR;
22-04-2024;22-04-2024;Conferimento con bonifico;;;16596832;;0;300;0;EUR;
08-04-2024;31-03-2024;Bollo portafoglio titoli*;;;34210715;;0;-1;0;EUR;
02-04-2024;04-04-2024;Acquisto;SUAS;IE00BYVJRR92;;ISHARES MSCI USA SRI UCITS ETF;2;-27,41;0;EUR;Q9317314342297
02-04-2024;04-04-2024;Acquisto;EIMI;IE00BKM4GZ66;;ISHARES CORE MSCI EM IMI UCITS;1;-30,45;0;EUR;Q9317314342296
02-04-2024;04-04-2024;Acquisto;SMEA;IE00B4K48X80;;ISHARESCOREMSCIEUROPE (ACC) UC;3;-230,97;0;EUR;Q9317314342295
02-04-2024;02-04-2024;Conferimento con bonifico;;;16542296;;0;300;0;EUR;
15-03-2024;19-03-2024;Acquisto;SUAS;IE00BYVJRR92;;ISHARES MSCI USA SRI UCITS ETF;4;-53,25;0;EUR;Q7517314973859
15-03-2024;19-03-2024;Acquisto;SJPA;IE00B4L5YX21;;ISHARES CORE MSCI JAP IMI UCIT;1;-50,27;0;EUR;Q7517314973860
15-03-2024;19-03-2024;Acquisto;SMEA;IE00B4K48X80;;ISHARESCOREMSCIEUROPE (ACC) UC;1;-76,27;0;EUR;Q7517314973858
14-03-2024;14-03-2024;Conferimento con bonifico;;;16501124;;0;40;0;EUR;
01-03-2024;05-03-2024;Acquisto;SJPA;IE00B4L5YX21;;ISHARES CORE MSCI JAP IMI UCIT;6;-304,98;0;EUR;Q6117312852045
01-03-2024;05-03-2024;Acquisto;SUAS;IE00BYVJRR92;;ISHARES MSCI USA SRI UCITS ETF;13;-175,63;0;EUR;Q6117312852048
01-03-2024;05-03-2024;Acquisto;SMEA;IE00B4K48X80;;ISHARESCOREMSCIEUROPE (ACC) UC;3;-225,06;0;EUR;Q6117312852046
01-03-2024;05-03-2024;Acquisto;EIMI;IE00BKM4GZ66;;ISHARES CORE MSCI EM IMI UCITS;5;-148,33;0;EUR;Q6117312852047
27-02-2024;27-02-2024;Conferimento con bonifico;;;16457620;;0;1000;0;EUR;
15-02-2024;19-02-2024;Acquisto;EIMI;IE00BKM4GZ66;;ISHARES CORE MSCI EM IMI UCITS;1;-29,33;0;EUR;Q4617312256776
15-02-2024;19-02-2024;Acquisto;SMEA;IE00B4K48X80;;ISHARESCOREMSCIEUROPE (ACC) UC;1;-73,54;0;EUR;Q4617312256775
15-02-2024;19-02-2024;Acquisto;SUAS;IE00BYVJRR92;;ISHARES MSCI USA SRI UCITS ETF;2;-26,84;0;EUR;Q4617312256777
01-02-2024;05-02-2024;Acquisto;SUAS;IE00BYVJRR92;;ISHARES MSCI USA SRI UCITS ETF;45;-587,61;0;EUR;Q3217315545591
01-02-2024;05-02-2024;Acquisto;EIMI;IE00BKM4GZ66;;ISHARES CORE MSCI EM IMI UCITS;10;-283,35;0;EUR;Q3217315545592
01-02-2024;05-02-2024;Acquisto;SMEA;IE00B4K48X80;;ISHARESCOREMSCIEUROPE (ACC) UC;8;-583,12;0;EUR;Q3217315545590
01-02-2024;01-02-2024;Conferimento con bonifico;;;16398771;;0;1500;0;EUR;
30-01-2024;30-01-2024;Conferimento con bonifico;;;16392348;;0;100;0;EUR;
